{"1": {"cM7": "0.0", "cM6": "0.0", "id": 1, "pM4": "-231.35732226", "pM5": "-0.51691968422", "pM6": "-185.296002182", "pM7": "10.3847393845", "pM0": "179.690886328", "blobs": {"0": {"yloc": 51, "xloc": 68}}, "pM2": "-0.126708527166", "pM3": "-45.8365124069", "pM8": "-0.846604387663", "pM9": "7796.67111547", "k3": "-0.00598055314875", "k2": "0.0990874082607", "k1": "0.0351784709783", "k0": "0.0498201277098", "k4": "-0.0637345813677", "cM0": "209.342426998", "pM10": "11648.7957159", "pM11": "84.6949820734", "CalbPts": {"0": {"Y": 11, "X": 15}, "1": {"Y": 36, "X": 15}, "2": {"Y": 61, "X": 17}, "3": {"Y": 66, "X": 39}, "4": {"Y": 39, "X": 39}, "5": {"Y": 11, "X": 38}, "6": {"Y": 13, "X": 63}, "7": {"Y": 42, "X": 63}, "8": {"Y": 71, "X": 64}, "9": {"Y": 81, "X": 94}, "10": {"Y": 48, "X": 93}, "11": {"Y": 17, "X": 94}, "12": {"Y": 20, "X": 130}, "13": {"Y": 54, "X": 127}, "14": {"Y": 22, "X": 130}, "15": {"Y": 87, "X": 125}, "16": {"Y": 101, "X": 113}, "17": {"Y": 64, "X": 116}, "18": {"Y": 26, "X": 118}, "19": {"Y": 32, "X": 102}, "20": {"Y": 68, "X": 102}, "21": {"Y": 109, "X": 99}, "22": {"Y": 135, "X": 66}, "23": {"Y": 100, "X": 71}, "24": {"Y": 48, "X": 67}}, "storenext": 0, "mac": "5ccf7f2c204c", "cM8": "1.0", "Y": "59.2056035958", "X": "32.5703767044", "cM5": "105.21497661", "Z": "59.016343909", "cM3": "0.0", "cM2": "157.797836431", "cM1": "0.0", "pM1": "44.0886777872", "cM4": "210.968418446", "calibrated": 1}, "2": {"cM7": "0.0", "cM6": "0.0", "id": 2, "pM4": "-376.673446186", "pM5": "0.227704635973", "pM6": "-200.234006721", "pM7": "-162.156108481", "pM0": "379.498930391", "blobs": {"0": {"yloc": 39, "xloc": 306}}, "pM2": "-0.140105668707", "pM3": "68.7850939285", "pM8": "-0.963597945386", "pM9": "18300.2102411", "k3": "-0.1454498455", "k2": "0.06248280874", "k1": "30.0109722651", "k0": "-1.85633451046", "k4": "-188.271967395", "cM0": "405.812237034", "pM10": "24253.4221741", "pM11": "89.3354782232", "CalbPts": {"0": {"Y": 57, "X": 85}, "1": {"Y": 94, "X": 84}, "2": {"Y": 131, "X": 83}, "3": {"Y": 131, "X": 126}, "4": {"Y": 94, "X": 126}, "5": {"Y": 56, "X": 126}, "6": {"Y": 57, "X": 165}, "7": {"Y": 93, "X": 165}, "8": {"Y": 132, "X": 165}, "9": {"Y": 134, "X": 205}, "10": {"Y": 94, "X": 205}, "11": {"Y": 59, "X": 206}, "12": {"Y": 59, "X": 241}, "13": {"Y": 95, "X": 240}, "14": {"Y": 61, "X": 242}, "15": {"Y": 131, "X": 239}, "16": {"Y": 139, "X": 251}, "17": {"Y": 96, "X": 253}, "18": {"Y": 56, "X": 253}, "19": {"Y": 50, "X": 268}, "20": {"Y": 87, "X": 270}, "21": {"Y": 135, "X": 266}, "22": {"Y": 138, "X": 308}, "23": {"Y": 90, "X": 307}, "24": {"Y": 36, "X": 305}}, "storenext": 0, "mac": "5ccf7fc3c6f3", "cM8": "1.0", "Y": "22.1737257317", "X": "-0.5200187365", "cM5": "68.9481143228", "Z": "98.0257340669", "cM3": "0.0", "cM2": "155.43781083", "cM1": "0.0", "pM1": "10.9552219495", "cM4": "404.405320191", "calibrated": 1}}